{
 "provenance": {
  "backend": "swiftshader",
  "fast": true,
  "dpr": 1,
  "seed": 20260712,
  "commit": "3d45b57",
  "capturedFor": "migration golden (pixel-identity gate)"
 },
 "shots": [
  {
   "name": "blue-marble",
   "sha": "c0b4091ebe706a12bec0a3e519404298ab2b32a07390fa25bef6d65e370a2890",
   "metrics": {
    "file": "blue-marble.png",
    "w": 1280,
    "h": 780,
    "spec_slope": -3.103,
    "spec_aniso": 1.388,
    "grad_kurtosis": 195.178,
    "lum_mean": 0.0348,
    "lum_p05": 0,
    "lum_p50": 0,
    "lum_p95": 0.3998,
    "shadow_frac": 0.9279,
    "limb": {
     "r_px": 157.2,
     "profile": [
      0.76939,
      0.75855,
      0.73407,
      0.61423,
      0.50491,
      0.49757,
      0.54117,
      0.5519,
      0.54394,
      0.51229,
      0.49738,
      0.49642,
      0.49655,
      0.52509,
      0.54321,
      0.54278,
      0.5782,
      0.60607,
      0.6171,
      0.60631,
      0.58434,
      0.54431,
      0.50142,
      0.46208,
      0.43603,
      0.41453,
      0.40438,
      0.41023,
      0.43049,
      0.4203,
      0.3967,
      0.40548,
      0.41886,
      0.44474,
      0.46134,
      0.47799,
      0.49403,
      0.49227,
      0.50935,
      0.51038,
      0.51201,
      0.52226,
      0.51055,
      0.51551,
      0.42568,
      0.27298,
      0.16147,
      0.04059
     ]
    }
   }
  },
  {
   "name": "loworbit-sunset",
   "sha": "00cc6caaf03257a5345a384f813c5fcdb9025b6721d188963c02c21f073cab5d",
   "metrics": {
    "file": "loworbit-sunset.png",
    "w": 1280,
    "h": 780,
    "spec_slope": -4.933,
    "spec_aniso": 2.295,
    "grad_kurtosis": 95.458,
    "lum_mean": 0.2615,
    "lum_p05": 0,
    "lum_p50": 0,
    "lum_p95": 0.9749,
    "shadow_frac": 0.6993,
    "horizon_gap": 0.0246
   }
  },
  {
   "name": "earthrise",
   "sha": "7037c695ffc6ed61e1b41eaa4cf4052dde7a0b6b0a511fa20c84c2d86986451e",
   "metrics": {
    "file": "earthrise.png",
    "w": 1280,
    "h": 780,
    "spec_slope": -2.862,
    "spec_aniso": 4.843,
    "grad_kurtosis": 544.934,
    "lum_mean": 0.282,
    "lum_p05": 0,
    "lum_p50": 0,
    "lum_p95": 0.7477,
    "shadow_frac": 0.6056,
    "limb": {
     "r_px": 660.7,
     "profile": [
      0.69795,
      0.70364,
      0.6982,
      0.69449,
      0.69425,
      0.69832,
      0.69881,
      0.69834,
      0.70357,
      0.70797,
      0.71041,
      0.71486,
      0.62764,
      0.57697,
      0.53318,
      0.50024,
      0.49676,
      0.48455,
      0.44942,
      0.40935,
      0.39266,
      0.37544,
      0.36074,
      0.34569,
      0.3328,
      0.32006,
      0.30844,
      0.29695,
      0.28784,
      0.27847,
      0.27079,
      0.26312,
      0.25638,
      0.24942,
      0.24182,
      0.23514,
      0.22857,
      0.22334,
      0.21766,
      0.21247,
      0.20718,
      0.20239,
      0.19746,
      0.19265,
      0.18776,
      0.19203,
      0.16468,
      0.03775
     ]
    }
   }
  },
  {
   "name": "luna-boulderfield",
   "sha": "fbbb5230d3c171af7fb597128a982b99e3e833ade03d0d0623f8f372e91a9a01",
   "metrics": {
    "file": "luna-boulderfield.png",
    "w": 1280,
    "h": 780,
    "spec_slope": -2.168,
    "spec_aniso": 1.918,
    "grad_kurtosis": 20.462,
    "lum_mean": 0.3776,
    "lum_p05": 0,
    "lum_p50": 0.508,
    "lum_p95": 0.7909,
    "shadow_frac": 0.4143,
    "horizon_gap": 0.7831
   }
  },
  {
   "name": "rubra-canyon-dawn",
   "sha": "5641c98155b257b3221e5853d33e0cc03de8ac60c452e0d7a1161f6fc90b8c8c",
   "metrics": {
    "file": "rubra-canyon-dawn.png",
    "w": 1280,
    "h": 780,
    "spec_slope": -3.135,
    "spec_aniso": 139.91,
    "grad_kurtosis": 675.682,
    "lum_mean": 0.1364,
    "lum_p05": 0.0341,
    "lum_p50": 0.0791,
    "lum_p95": 0.4867,
    "shadow_frac": 0.161
   }
  },
  {
   "name": "titan-lakeshore",
   "sha": "4b761612bb2499f74226eb97b162160467473f7667413e6c8adeab813db4c5e2",
   "metrics": {
    "file": "titan-lakeshore.png",
    "w": 1280,
    "h": 780,
    "spec_slope": -2.412,
    "spec_aniso": 3.351,
    "grad_kurtosis": 75.317,
    "lum_mean": 0.0074,
    "lum_p05": 0,
    "lum_p50": 0.0035,
    "lum_p95": 0.0241,
    "shadow_frac": 0.4696,
    "horizon_gap": 0.0817
   }
  },
  {
   "name": "rubra-disk",
   "sha": "0da27adaa374140d1346d62c4b335e54be861ba9e69c0a439be703a5a3d00d73",
   "metrics": {
    "file": "rubra-disk.png",
    "w": 1280,
    "h": 780,
    "spec_slope": -3.832,
    "spec_aniso": 1.938,
    "grad_kurtosis": 534.421,
    "lum_mean": 0.0837,
    "lum_p05": 0,
    "lum_p50": 0,
    "lum_p95": 0.6527,
    "shadow_frac": 0.8565,
    "limb": {
     "r_px": 227.6,
     "profile": [
      0.6851,
      0.68157,
      0.68608,
      0.68812,
      0.67786,
      0.67887,
      0.68526,
      0.68706,
      0.69101,
      0.69092,
      0.68647,
      0.68226,
      0.68285,
      0.68511,
      0.68687,
      0.6893,
      0.68901,
      0.68703,
      0.68376,
      0.67774,
      0.66822,
      0.66084,
      0.65495,
      0.64979,
      0.64555,
      0.64235,
      0.63794,
      0.63141,
      0.62714,
      0.62137,
      0.61677,
      0.613,
      0.6103,
      0.60416,
      0.59724,
      0.58939,
      0.57901,
      0.56655,
      0.55701,
      0.54699,
      0.52628,
      0.48216,
      0.37538,
      0.29415,
      0.21113,
      0.13025,
      0.05958,
      0.0149
     ]
    }
   }
  }
 ]
}