{
 "provenance": {
  "backend": "gpu",
  "renderer": "ANGLE (NVIDIA, NVIDIA GeForce RTX 5090 (0x00002B85) Direct3D11 vs_5_0 ps_5_0, D3D11)",
  "fast": true,
  "dpr": 1,
  "seed": 20260712,
  "commit": "73ae4d8",
  "system": {
   "id": "sol-system",
   "recipeHash": "25885364"
  },
  "capturedFor": "migration golden (pixel-identity gate)"
 },
 "shots": [
  {
   "name": "blue-marble",
   "sha": "0c94a378feb6904582cc64751183a68c92c9d7e5ad8192fd0c05225dddc7ac35",
   "metrics": {
    "file": "blue-marble.png",
    "w": 1280,
    "h": 780,
    "spec_slope": -3.09,
    "spec_aniso": 2.39,
    "grad_kurtosis": 208.281,
    "lum_mean": 0.0306,
    "lum_p05": 0,
    "lum_p50": 0,
    "lum_p95": 0.202,
    "shadow_frac": 0.9298,
    "limb": {
     "r_px": 167.6,
     "profile": [
      0.77305,
      0.74288,
      0.72686,
      0.7416,
      0.71489,
      0.68206,
      0.64044,
      0.59763,
      0.60668,
      0.60915,
      0.6029,
      0.58711,
      0.55569,
      0.53837,
      0.50038,
      0.47342,
      0.43218,
      0.40937,
      0.38754,
      0.37892,
      0.39374,
      0.41418,
      0.40767,
      0.38984,
      0.42519,
      0.44923,
      0.43262,
      0.39466,
      0.39732,
      0.41294,
      0.40861,
      0.40363,
      0.38989,
      0.38022,
      0.42319,
      0.45952,
      0.47725,
      0.41986,
      0.36081,
      0.3223,
      0.29201,
      0.26316,
      0.22108,
      0.18804,
      0.13014,
      0.07796,
      0.03754,
      0.00897
     ]
    }
   }
  },
  {
   "name": "loworbit-sunset",
   "sha": "66297663989b9c3d2c8e8eec55bca67483147b31b3fe619cfdc2f85ec6170a56",
   "metrics": {
    "file": "loworbit-sunset.png",
    "w": 1280,
    "h": 780,
    "spec_slope": -4.84,
    "spec_aniso": 2.23,
    "grad_kurtosis": 100.002,
    "lum_mean": 0.2725,
    "lum_p05": 0,
    "lum_p50": 0,
    "lum_p95": 0.9908,
    "shadow_frac": 0.701,
    "horizon_gap": 0.0244
   }
  },
  {
   "name": "earthrise",
   "sha": "49f4f523a8722067df9412889194369ea8827cedc62fc663235fb5af61f05128",
   "metrics": {
    "file": "earthrise.png",
    "w": 1280,
    "h": 780,
    "spec_slope": -3.188,
    "spec_aniso": 2.79,
    "grad_kurtosis": 3445.719,
    "lum_mean": 0.0018,
    "lum_p05": 0,
    "lum_p50": 0,
    "lum_p95": 0,
    "shadow_frac": 0.6649,
    "limb": {
     "r_px": 755,
     "profile": [
      0.94436,
      0.42065,
      0.01289,
      0.00031,
      0.00004,
      0.00001,
      0,
      0,
      0,
      0,
      0,
      0,
      0,
      0,
      0,
      0,
      0,
      0,
      0,
      0,
      0,
      0,
      0,
      0,
      0,
      0,
      0,
      0,
      0,
      0,
      0,
      0,
      0,
      0,
      0,
      0,
      0,
      0,
      0,
      0,
      0,
      0,
      0,
      0,
      0,
      0,
      0,
      0
     ]
    }
   }
  },
  {
   "name": "luna-boulderfield",
   "sha": "579e637e645d4ebdbcb1aeb33950aeabd9a987b9f744b1b5e85169cba32cf98a",
   "metrics": {
    "file": "luna-boulderfield.png",
    "w": 1280,
    "h": 780,
    "spec_slope": -2.198,
    "spec_aniso": 1.998,
    "grad_kurtosis": 21.456,
    "lum_mean": 0.3808,
    "lum_p05": 0,
    "lum_p50": 0.514,
    "lum_p95": 0.7909,
    "shadow_frac": 0.4047,
    "horizon_gap": 0.7826
   }
  },
  {
   "name": "rubra-canyon-dawn",
   "sha": "31f621f9ef57750f92089ac4475dfc4333d246b85b9d56d513e9fda61678ecba",
   "metrics": {
    "file": "rubra-canyon-dawn.png",
    "w": 1280,
    "h": 780,
    "spec_slope": -3.128,
    "spec_aniso": 144.721,
    "grad_kurtosis": 475.134,
    "lum_mean": 0.1355,
    "lum_p05": 0.0337,
    "lum_p50": 0.0773,
    "lum_p95": 0.4818,
    "shadow_frac": 0.1616
   }
  },
  {
   "name": "titan-lakeshore",
   "sha": "f202898946d0c7cb0f92d52df63366fa54e0a62273bd2c8e9c90479de40ff3ac",
   "metrics": {
    "file": "titan-lakeshore.png",
    "w": 1280,
    "h": 780,
    "spec_slope": -2.35,
    "spec_aniso": 2.669,
    "grad_kurtosis": 233.568,
    "lum_mean": 0.0006,
    "lum_p05": 0,
    "lum_p50": 0,
    "lum_p95": 0.001,
    "shadow_frac": 0.9227
   }
  },
  {
   "name": "rubra-disk",
   "sha": "394ccb4e86516062707081d4ef223ff4662698f4900c98887ea53a1b5962f1db",
   "metrics": {
    "file": "rubra-disk.png",
    "w": 1280,
    "h": 780,
    "spec_slope": -3.781,
    "spec_aniso": 2.191,
    "grad_kurtosis": 506.149,
    "lum_mean": 0.0887,
    "lum_p05": 0,
    "lum_p50": 0,
    "lum_p95": 0.6701,
    "shadow_frac": 0.8558,
    "limb": {
     "r_px": 219.5,
     "profile": [
      0.68076,
      0.689,
      0.69701,
      0.69694,
      0.67854,
      0.67666,
      0.69078,
      0.6974,
      0.69993,
      0.70025,
      0.69811,
      0.69863,
      0.7021,
      0.70451,
      0.7044,
      0.70267,
      0.69902,
      0.69641,
      0.69197,
      0.68933,
      0.6865,
      0.68297,
      0.68046,
      0.67628,
      0.67066,
      0.66298,
      0.65667,
      0.65209,
      0.64693,
      0.64175,
      0.64166,
      0.64183,
      0.64163,
      0.64018,
      0.63682,
      0.63495,
      0.6354,
      0.63203,
      0.6234,
      0.61165,
      0.59819,
      0.58209,
      0.56864,
      0.54487,
      0.49408,
      0.3738,
      0.19927,
      0.04566
     ]
    }
   }
  }
 ],
 "fullQuality": {
  "provenance": {
   "backend": "gpu",
   "renderer": "ANGLE (NVIDIA, NVIDIA GeForce RTX 5090 (0x00002B85) Direct3D11 vs_5_0 ps_5_0, D3D11)",
   "fast": false,
   "dpr": 1,
   "seed": 20260712,
   "commit": "73ae4d8",
   "system": {
    "id": "sol-system",
    "recipeHash": "25885364"
   },
   "capturedFor": "full-quality golden tier"
  },
  "shots": [
   {
    "name": "blue-marble",
    "sha": "8d9fe1cad07dec422a2551ff0a1454dbf467898200d928af23afd07dc7389218",
    "metrics": {
     "file": "blue-marble.png",
     "w": 1280,
     "h": 780,
     "spec_slope": -3.091,
     "spec_aniso": 2.345,
     "grad_kurtosis": 220.985,
     "lum_mean": 0.0309,
     "lum_p05": 0,
     "lum_p50": 0,
     "lum_p95": 0.2097,
     "shadow_frac": 0.9298,
     "limb": {
      "r_px": 170.2,
      "profile": [
       0.7736,
       0.7465,
       0.72495,
       0.74356,
       0.71226,
       0.6833,
       0.63782,
       0.60077,
       0.60593,
       0.61153,
       0.59539,
       0.58515,
       0.55379,
       0.53066,
       0.49306,
       0.46086,
       0.42389,
       0.40371,
       0.38602,
       0.38105,
       0.4035,
       0.41751,
       0.39675,
       0.40225,
       0.43823,
       0.45033,
       0.41596,
       0.38982,
       0.40665,
       0.41625,
       0.40123,
       0.41029,
       0.37735,
       0.40566,
       0.4509,
       0.47546,
       0.4693,
       0.38601,
       0.34406,
       0.30641,
       0.27966,
       0.24251,
       0.20511,
       0.15534,
       0.09546,
       0.04899,
       0.01611,
       0.00077
      ]
     }
    }
   },
   {
    "name": "luna-boulderfield",
    "sha": "79058a624effca8ed73a08ef40606f0acd1c8163c5774a2ca3f1f40ff4014c99",
    "metrics": {
     "file": "luna-boulderfield.png",
     "w": 1280,
     "h": 780,
     "spec_slope": -2.271,
     "spec_aniso": 1.878,
     "grad_kurtosis": 22.89,
     "lum_mean": 0.3524,
     "lum_p05": 0,
     "lum_p50": 0.4599,
     "lum_p95": 0.7514,
     "shadow_frac": 0.4,
     "horizon_gap": 0.6351
    }
   },
   {
    "name": "rubra-disk",
    "sha": "8204e1d9787465b967e51f385a60b2c845bcbe05984777d7542814dd3df0732f",
    "metrics": {
     "file": "rubra-disk.png",
     "w": 1280,
     "h": 780,
     "spec_slope": -3.653,
     "spec_aniso": 2.142,
     "grad_kurtosis": 689.617,
     "lum_mean": 0.0878,
     "lum_p05": 0,
     "lum_p50": 0,
     "lum_p95": 0.6582,
     "shadow_frac": 0.8557,
     "limb": {
      "r_px": 220.3,