{
 "provenance": {
  "backend": "gpu",
  "renderer": "ANGLE (NVIDIA, NVIDIA GeForce RTX 5090 (0x00002B85) Direct3D11 vs_5_0 ps_5_0, D3D11)",
  "fast": true,
  "dpr": 1,
  "seed": 20260712,
  "commit": "83c0f3b",
  "capturedFor": "migration golden (pixel-identity gate)"
 },
 "shots": [
  {
   "name": "blue-marble",
   "sha": "15893223a63f02bf4f946d248807aebbf462126b0405ad04e0d09eba9b3364e4",
   "metrics": {
    "file": "blue-marble.png",
    "w": 1280,
    "h": 780,
    "spec_slope": -3.063,
    "spec_aniso": 1.364,
    "grad_kurtosis": 204.871,
    "lum_mean": 0.0399,
    "lum_p05": 0,
    "lum_p50": 0,
    "lum_p95": 0.4908,
    "shadow_frac": 0.9279,
    "limb": {
     "r_px": 156,
     "profile": [
      0.83162,
      0.82024,
      0.80092,
      0.67912,
      0.56136,
      0.56231,
      0.59175,
      0.62484,
      0.60782,
      0.57811,
      0.56367,
      0.56029,
      0.56544,
      0.58822,
      0.60657,
      0.61664,
      0.63092,
      0.66708,
      0.69295,
      0.68786,
      0.65898,
      0.62908,
      0.58371,
      0.53965,
      0.5057,
      0.47783,
      0.46367,
      0.46876,
      0.4954,
      0.49137,
      0.46901,
      0.4669,
      0.48328,
      0.50122,
      0.5277,
      0.53661,
      0.55672,
      0.55537,
      0.57257,
      0.5805,
      0.58525,
      0.59023,
      0.58875,
      0.60375,
      0.59964,
      0.41821,
      0.23434,
      0.06339
     ]
    }
   }
  },
  {
   "name": "loworbit-sunset",
   "sha": "8cb0b33982056bf2595d0b33caa726a4c22c15bb879c1fa8fb0ba669e2be3805",
   "metrics": {
    "file": "loworbit-sunset.png",
    "w": 1280,
    "h": 780,
    "spec_slope": -4.996,
    "spec_aniso": 1.733,
    "grad_kurtosis": 82.462,
    "lum_mean": 0.1822,
    "lum_p05": 0,
    "lum_p50": 0,
    "lum_p95": 0.8244,
    "shadow_frac": 0.7124,
    "horizon_gap": 0.025
   }
  },
  {
   "name": "earthrise",
   "sha": "8a577cf4a84ed7d22c3e999dde826ded85715604c77639cd1c9d3d0dee37d745",
   "metrics": {
    "file": "earthrise.png",
    "w": 1280,
    "h": 780,
    "spec_slope": -2.857,
    "spec_aniso": 4.788,
    "grad_kurtosis": 543.549,
    "lum_mean": 0.2982,
    "lum_p05": 0,
    "lum_p50": 0,
    "lum_p95": 0.7888,
    "shadow_frac": 0.6056,
    "limb": {
     "r_px": 659.9,
     "profile": [
      0.74042,
      0.74507,
      0.74004,
      0.73686,
      0.73757,
      0.74047,
      0.74165,
      0.7413,
      0.74479,
      0.75016,
      0.75353,
      0.75788,
      0.66861,
      0.61254,
      0.5662,
      0.53018,
      0.5251,
      0.5125,
      0.47676,
      0.43511,
      0.41504,
      0.39714,
      0.38237,
      0.36668,
      0.35277,
      0.33888,
      0.32689,
      0.31536,
      0.30442,
      0.29421,
      0.28682,
      0.27911,
      0.27112,
      0.2634,
      0.25641,
      0.24918,
      0.24186,
      0.23539,
      0.23038,
      0.22533,
      0.21929,
      0.21283,
      0.20882,
      0.20372,
      0.19857,
      0.20027,
      0.1822,
      0.04299
     ]
    }
   }
  },
  {
   "name": "luna-boulderfield",
   "sha": "7f53538ecf4fadf66c0bd7e158d1f6390f963e99c1b1047667648a9dae781d63",
   "metrics": {
    "file": "luna-boulderfield.png",
    "w": 1280,
    "h": 780,
    "spec_slope": -2.159,
    "spec_aniso": 1.886,
    "grad_kurtosis": 19.79,
    "lum_mean": 0.3571,
    "lum_p05": 0,
    "lum_p50": 0.4672,
    "lum_p95": 0.7683,
    "shadow_frac": 0.4164,
    "horizon_gap": 0.7479
   }
  },
  {
   "name": "rubra-canyon-dawn",
   "sha": "f14e41810267041f455be061b8455b6f0c8a27563cf1ae8b2b49fc859e0bfd8a",
   "metrics": {
    "file": "rubra-canyon-dawn.png",
    "w": 1280,
    "h": 780,
    "spec_slope": -3.141,
    "spec_aniso": 160.367,
    "grad_kurtosis": 800.459,
    "lum_mean": 0.1362,
    "lum_p05": 0.0339,
    "lum_p50": 0.0796,
    "lum_p95": 0.4853,
    "shadow_frac": 0.159
   }
  },
  {
   "name": "titan-lakeshore",
   "sha": "eb8c8791b1b26d9ae6209d829e614d4b3643968bd718cbae6bb472331d547454",
   "metrics": {
    "file": "titan-lakeshore.png",
    "w": 1280,
    "h": 780,
    "spec_slope": -2.467,
    "spec_aniso": 3.136,
    "grad_kurtosis": 103.899,
    "lum_mean": 0.0049,
    "lum_p05": 0,
    "lum_p50": 0,
    "lum_p95": 0.0151,
    "shadow_frac": 0.5784,
    "horizon_gap": 0.0784
   }
  },
  {
   "name": "rubra-disk",
   "sha": "3dafeb700fe4f5f15d54b73d958be886c2ed555dd5898183350f04e34b3a63ee",
   "metrics": {
    "file": "rubra-disk.png",
    "w": 1280,
    "h": 780,
    "spec_slope": -3.828,
    "spec_aniso": 1.941,
    "grad_kurtosis": 539.777,
    "lum_mean": 0.0859,
    "lum_p05": 0,
    "lum_p50": 0,
    "lum_p95": 0.6697,
    "shadow_frac": 0.8564,
    "limb": {
     "r_px": 228,
     "profile": [
      0.69917,
      0.69493,
      0.69839,
      0.7017,
      0.69143,
      0.69282,
      0.69855,
      0.70198,
      0.70522,
      0.70454,
      0.70049,
      0.69683,
      0.69691,
      0.69938,
      0.70137,
      0.70367,
      0.70282,
      0.70105,
      0.69792,
      0.6915,
      0.68288,
      0.67543,
      0.66951,
      0.66447,
      0.66019,
      0.65744,
      0.65243,
      0.64668,
      0.64242,
      0.63657,
      0.63195,
      0.62813,
      0.6256,
      0.6189,
      0.61242,
      0.60416,
      0.59353,
      0.58109,
      0.57216,
      0.5616,
      0.54136,
      0.49767,
      0.38887,
      0.29933,
      0.21403,
      0.12857,
      0.05573,
      0.01186
     ]
    }
   }
  }
 ]
}